<PAMDataset>
  <Metadata domain="ESRI">
    <MDI key="PyramidResamplingType">NEAREST</MDI>
  </Metadata>
  <PAMRasterBand band="1">
    <Histograms>
      <HistItem>
        <HistMin>0</HistMin>
        <HistMax>166</HistMax>
        <BucketCount>256</BucketCount>
        <IncludeOutOfRange>1</IncludeOutOfRange>
        <Approximate>0</Approximate>
        <HistCounts>16288|145|424|516|589|647|635|615|579|524|488|497|421|411|365|329|336|289|260|246|242|237|205|173|182|139|139|130|121|137|110|96|85|73|77|61|64|72|57|53|52|31|48|45|38|46|37|39|34|24|31|21|19|21|22|19|25|25|23|22|14|19|15|8|13|12|10|12|7|10|11|13|8|11|8|8|11|6|6|5|5|3|6|2|2|5|8|3|2|1|2|5|1|1|2|0|2|4|1|5|0|5|1|1|2|0|2|1|0|1|0|0|2|1|1|2|2|1|4|0|0|0|0|1|0|1|1|1|0|1|0|0|0|1|0|0|1|1|0|1|1|1|0|0|0|0|0|0|0|0|0|0|0|0|0|0|0|0|0|0|0|0|0|0|0|0|0|0|0|0|0|0|1|0|0|0|0|0|0|0|1|0|0|0|0|0|0|0|0|0|0|0|0|0|0|0|0|0|0|0|0|0|0|0|0|0|1|0|0|0|0|0|0|0|1|0|0|0|0|0|0|0|0|0|0|0|0|0|0|0|0|1|0|0|0|0|0|0|0|0|0|0|0|0|0|0|0|0|0|0|0|0|0|0|0|1</HistCounts>
      </HistItem>
    </Histograms>
  </PAMRasterBand>
</PAMDataset>
