<PAMDataset>
  <Metadata domain="ESRI">
    <MDI key="PyramidResamplingType">NEAREST</MDI>
  </Metadata>
  <PAMRasterBand band="1">
    <Histograms>
      <HistItem>
        <HistMin>0</HistMin>
        <HistMax>189.1737670898438</HistMax>
        <BucketCount>256</BucketCount>
        <IncludeOutOfRange>1</IncludeOutOfRange>
        <Approximate>0</Approximate>
        <HistCounts>17040|148|375|560|644|654|661|635|591|528|492|436|392|416|344|339|273|304|233|186|201|200|148|153|141|129|125|108|101|78|80|88|79|73|75|71|55|60|46|50|45|34|33|38|36|35|37|23|28|23|17|20|17|12|21|11|13|16|10|15|9|9|7|8|10|9|5|1|6|4|3|4|7|7|4|5|2|5|4|8|4|3|1|1|0|5|6|4|3|4|1|1|1|4|2|3|1|0|1|4|1|0|2|1|1|2|1|2|1|1|0|0|0|1|1|0|0|2|0|0|0|2|0|0|0|0|0|0|0|0|1|1|0|0|0|0|0|0|0|0|0|2|0|0|0|0|0|1|1|0|0|0|0|0|0|0|0|0|0|0|0|0|0|0|0|0|1|0|0|0|0|0|0|0|0|0|0|0|0|0|0|0|0|0|0|1|0|0|0|0|0|0|0|0|0|0|0|0|0|0|0|0|0|0|0|0|0|0|0|0|0|0|0|0|0|0|0|0|0|0|0|0|0|0|0|0|0|0|0|0|0|0|0|0|0|0|0|0|0|0|0|0|0|0|0|0|0|0|0|0|0|0|0|0|0|1</HistCounts>
      </HistItem>
    </Histograms>
  </PAMRasterBand>
</PAMDataset>
