<PAMDataset>
  <Metadata domain="ESRI">
    <MDI key="PyramidResamplingType">NEAREST</MDI>
  </Metadata>
  <PAMRasterBand band="1">
    <Histograms>
      <HistItem>
        <HistMin>0</HistMin>
        <HistMax>170.1757354736328</HistMax>
        <BucketCount>256</BucketCount>
        <IncludeOutOfRange>1</IncludeOutOfRange>
        <Approximate>0</Approximate>
        <HistCounts>16473|127|431|593|669|700|643|687|571|593|499|502|455|422|335|314|313|270|236|243|220|210|186|181|121|147|108|118|110|101|85|92|98|80|57|69|65|60|52|52|45|53|39|38|29|33|32|20|21|23|25|25|15|23|13|18|23|14|13|8|12|7|12|9|5|6|12|14|2|4|7|1|0|3|5|7|2|3|2|8|4|4|2|2|7|1|5|0|4|1|1|0|3|2|1|1|2|1|3|0|2|0|1|3|0|3|1|0|2|1|1|0|0|0|1|1|1|2|0|1|1|0|0|2|0|0|0|0|0|0|0|0|0|0|0|0|1|0|0|0|0|0|0|0|0|0|0|0|0|0|0|0|0|0|0|0|0|0|0|0|0|0|0|0|0|0|0|0|0|0|0|0|0|0|0|0|0|0|0|0|0|0|1|0|0|0|0|0|0|0|0|0|0|0|0|0|0|0|0|0|0|0|0|0|0|0|0|0|0|0|0|0|0|0|0|0|0|0|0|0|0|0|0|0|0|0|0|0|0|0|0|0|0|0|0|0|0|0|0|0|0|0|0|0|0|0|0|0|0|0|0|0|0|0|0|1</HistCounts>
      </HistItem>
    </Histograms>
  </PAMRasterBand>
</PAMDataset>
