<PAMDataset>
  <Metadata domain="ESRI">
    <MDI key="PyramidResamplingType">NEAREST</MDI>
  </Metadata>
  <PAMRasterBand band="1">
    <Histograms>
      <HistItem>
        <HistMin>0</HistMin>
        <HistMax>150</HistMax>
        <BucketCount>256</BucketCount>
        <IncludeOutOfRange>1</IncludeOutOfRange>
        <Approximate>0</Approximate>
        <HistCounts>16448|68|336|508|556|546|602|561|538|513|542|494|467|407|383|352|308|297|267|263|240|202|201|177|189|163|153|148|114|111|113|102|104|87|86|85|69|81|61|51|50|64|48|56|54|41|47|39|35|37|37|20|19|18|27|16|23|14|11|12|21|18|14|11|12|14|9|12|5|16|7|8|7|10|7|6|4|1|6|8|2|6|8|6|3|5|3|5|6|2|4|6|2|6|0|1|2|2|3|1|3|4|1|2|2|3|4|1|3|0|2|2|2|2|0|1|1|0|1|0|1|0|0|2|0|3|2|0|1|0|2|1|1|0|1|0|1|1|1|1|1|0|0|1|1|1|0|0|0|1|1|0|0|0|0|0|0|0|0|0|0|0|0|0|0|0|0|0|0|0|0|0|0|0|0|0|0|0|0|0|0|0|0|0|0|0|0|0|0|0|0|0|0|0|0|0|0|0|0|0|0|0|0|0|0|0|0|0|0|0|0|0|0|0|0|0|0|0|0|0|0|0|0|0|0|0|0|0|0|0|0|0|0|0|0|0|0|0|0|0|0|0|0|0|0|0|0|0|0|0|0|0|0|0|0|1</HistCounts>
      </HistItem>
    </Histograms>
  </PAMRasterBand>
</PAMDataset>
