<PAMDataset>
  <Metadata domain="ESRI">
    <MDI key="PyramidResamplingType">NEAREST</MDI>
  </Metadata>
  <PAMRasterBand band="1">
    <Histograms>
      <HistItem>
        <HistMin>0</HistMin>
        <HistMax>142</HistMax>
        <BucketCount>256</BucketCount>
        <IncludeOutOfRange>1</IncludeOutOfRange>
        <Approximate>0</Approximate>
        <HistCounts>17411|69|264|428|517|576|556|525|501|496|421|429|357|377|364|309|315|287|241|256|212|231|185|164|154|164|140|140|119|98|100|100|95|82|81|51|69|69|53|39|57|41|40|42|47|36|35|34|34|24|32|28|23|21|30|17|38|21|18|21|11|17|15|16|14|13|10|13|10|3|13|7|8|6|7|6|7|6|7|5|5|9|7|5|4|2|4|2|3|5|0|1|4|6|0|9|2|1|3|3|2|5|3|0|2|0|0|1|2|1|0|1|1|1|1|2|1|0|1|0|1|0|0|0|0|0|0|1|0|1|0|0|0|0|1|1|0|0|0|0|0|0|0|1|0|0|1|0|0|0|0|0|0|0|0|2|0|0|0|1|0|1|0|0|0|0|0|0|0|0|0|0|0|0|0|0|0|0|0|0|0|0|0|0|0|0|0|0|0|0|0|0|0|0|0|0|0|0|0|0|0|0|0|0|0|0|0|0|0|0|0|0|0|0|0|0|0|0|0|0|0|0|0|0|0|0|0|0|0|0|0|0|0|0|0|0|0|0|0|0|0|0|0|0|0|0|0|0|0|0|0|0|0|0|0|1</HistCounts>
      </HistItem>
    </Histograms>
  </PAMRasterBand>
</PAMDataset>
