<PAMDataset>
  <Metadata domain="ESRI">
    <MDI key="PyramidResamplingType">NEAREST</MDI>
  </Metadata>
  <PAMRasterBand band="1">
    <Histograms>
      <HistItem>
        <HistMin>0</HistMin>
        <HistMax>146.1458740234375</HistMax>
        <BucketCount>256</BucketCount>
        <IncludeOutOfRange>1</IncludeOutOfRange>
        <Approximate>0</Approximate>
        <HistCounts>18708|141|298|426|466|489|539|468|456|423|367|340|307|287|300|260|248|245|223|194|180|192|151|155|131|150|116|95|105|81|81|85|81|64|65|77|63|47|46|50|44|42|34|29|35|39|27|23|24|28|29|24|16|21|27|19|15|16|22|22|13|16|10|6|8|12|8|7|9|10|7|4|8|8|6|4|5|5|6|1|3|7|5|6|3|4|4|0|5|3|2|1|1|3|0|1|0|0|2|4|2|3|3|0|3|0|1|1|2|1|1|4|1|1|1|0|5|1|0|1|0|1|0|2|1|0|0|0|1|0|0|0|0|0|0|0|1|0|2|1|0|1|0|0|0|0|0|0|0|0|0|0|0|1|0|0|0|0|0|0|0|0|1|0|0|0|0|0|0|1|0|0|0|0|0|0|0|0|0|0|0|0|0|0|0|0|0|0|0|0|0|0|0|0|0|0|0|0|0|0|0|0|0|0|0|0|0|0|0|0|0|0|0|0|0|0|0|1|0|0|0|0|0|0|0|0|0|0|0|0|0|0|0|0|0|0|0|0|0|0|0|0|0|0|0|0|0|0|0|0|0|0|0|0|0|1</HistCounts>
      </HistItem>
    </Histograms>
  </PAMRasterBand>
</PAMDataset>
