<PAMDataset>
  <Metadata domain="ESRI">
    <MDI key="PyramidResamplingType">NEAREST</MDI>
  </Metadata>
  <PAMRasterBand band="1">
    <Histograms>
      <HistItem>
        <HistMin>0</HistMin>
        <HistMax>171.9813842773438</HistMax>
        <BucketCount>256</BucketCount>
        <IncludeOutOfRange>1</IncludeOutOfRange>
        <Approximate>0</Approximate>
        <HistCounts>18387|157|357|550|595|588|568|463|471|452|422|385|379|325|279|285|251|232|211|204|185|172|146|138|120|127|102|86|89|76|59|84|65|46|67|62|46|55|57|35|42|32|26|21|23|24|27|25|34|27|17|13|14|12|10|18|12|7|13|13|13|13|12|8|14|7|5|7|5|7|6|7|4|4|3|8|2|5|3|2|2|4|2|2|7|3|2|2|3|1|3|4|2|1|3|0|3|0|1|2|2|1|1|0|2|1|0|1|0|1|0|0|0|1|0|0|0|0|1|0|0|0|0|0|1|0|1|0|0|0|0|0|1|1|0|0|0|0|1|0|0|0|0|0|0|0|0|0|0|0|0|0|0|0|0|0|0|0|0|0|0|0|0|0|0|0|0|0|0|0|0|0|0|0|0|0|0|0|0|1|0|1|0|0|0|0|0|0|0|0|0|0|0|0|0|0|0|0|0|0|0|0|0|0|0|0|0|0|0|0|0|0|0|0|0|0|0|0|0|0|0|0|0|0|0|0|0|0|0|0|0|0|0|0|0|0|0|0|0|0|0|0|0|0|0|0|0|0|0|0|0|0|0|0|0|1</HistCounts>
      </HistItem>
    </Histograms>
  </PAMRasterBand>
</PAMDataset>
