<PAMDataset>
  <Metadata domain="ESRI">
    <MDI key="PyramidResamplingType">NEAREST</MDI>
  </Metadata>
  <PAMRasterBand band="1">
    <Histograms>
      <HistItem>
        <HistMin>0</HistMin>
        <HistMax>165.0111541748047</HistMax>
        <BucketCount>256</BucketCount>
        <IncludeOutOfRange>1</IncludeOutOfRange>
        <Approximate>0</Approximate>
        <HistCounts>17355|154|408|559|635|598|627|609|571|513|534|463|416|380|328|281|282|260|199|208|183|182|141|140|128|136|130|103|97|84|89|61|72|73|75|48|52|50|41|39|33|44|25|28|36|30|36|27|23|24|21|21|12|13|19|11|20|14|12|17|8|13|12|6|7|9|14|9|6|9|8|5|8|9|8|4|4|4|5|4|4|3|5|4|3|1|1|3|2|2|3|5|1|1|4|2|2|3|1|1|1|1|0|0|2|0|1|1|1|0|0|1|0|1|0|1|0|1|0|0|0|0|0|0|0|1|0|0|0|0|0|0|0|0|1|1|0|0|0|1|0|0|0|0|0|0|0|0|0|0|0|0|0|0|0|0|0|0|0|0|0|0|0|0|0|0|0|0|0|0|0|0|0|0|0|0|0|0|0|0|0|0|0|0|0|0|0|0|0|0|0|0|0|0|0|0|0|0|0|0|0|0|0|0|0|0|0|0|0|0|0|0|0|0|0|0|0|0|0|0|0|0|0|0|0|0|0|0|0|0|0|0|0|0|0|0|0|0|0|0|0|0|0|0|0|0|0|0|0|0|0|0|0|0|0|1</HistCounts>
      </HistItem>
    </Histograms>
  </PAMRasterBand>
</PAMDataset>
