<PAMDataset>
  <Metadata domain="ESRI">
    <MDI key="PyramidResamplingType">NEAREST</MDI>
  </Metadata>
  <PAMRasterBand band="1">
    <Histograms>
      <HistItem>
        <HistMin>0</HistMin>
        <HistMax>150</HistMax>
        <BucketCount>256</BucketCount>
        <IncludeOutOfRange>1</IncludeOutOfRange>
        <Approximate>0</Approximate>
        <HistCounts>16355|74|288|479|560|596|553|558|542|524|461|449|448|400|367|346|301|312|273|257|250|227|213|200|185|182|155|137|124|121|119|104|102|115|83|89|78|70|67|81|57|62|59|55|59|51|37|34|33|37|39|30|30|34|25|16|19|25|16|19|17|21|8|10|13|15|16|12|17|13|7|12|5|13|12|9|6|9|4|6|12|4|6|9|6|12|6|5|8|9|4|6|3|7|5|1|1|3|0|5|1|4|4|0|3|3|4|4|1|5|0|1|4|2|1|0|2|1|3|1|2|1|3|4|2|0|0|0|0|3|1|0|0|0|0|1|0|1|0|0|0|0|1|0|0|0|0|1|0|0|0|0|0|0|0|0|0|1|1|0|0|0|0|0|0|0|0|0|0|1|0|0|0|0|0|1|0|0|0|0|0|0|0|0|0|0|0|0|0|1|0|0|0|0|0|0|0|0|0|0|0|0|0|0|0|0|0|0|0|0|0|0|0|0|0|0|0|0|0|0|0|0|0|0|0|0|0|0|0|0|0|0|0|0|0|0|0|0|0|0|0|0|0|0|0|0|0|0|0|0|0|0|0|0|0|1</HistCounts>
      </HistItem>
    </Histograms>
  </PAMRasterBand>
</PAMDataset>
