<?xml version="1.0" encoding="UTF-8"?>
<metadata xml:lang="en"><Esri><CreaDate>20120814</CreaDate><CreaTime>18235200</CreaTime><ArcGISFormat>1.0</ArcGISFormat><SyncOnce>FALSE</SyncOnce><DataProperties><itemProps><itemName Sync="TRUE">tmean03_010.tif</itemName><itemLocation><linkage Sync="TRUE">file://C:\Users\CDuku\Desktop\To Jorrel\November - February Cropping Season\tif\abcs50 dec-mar\tmean03_010.tif</linkage><protocol Sync="TRUE">Local Area Network</protocol></itemLocation><imsContentType Sync="TRUE">002</imsContentType><nativeExtBox><westBL Sync="TRUE">28.200000</westBL><eastBL Sync="TRUE">41.283281</eastBL><southBL Sync="TRUE">-11.700000</southBL><northBL Sync="TRUE">4.216603</northBL><exTypeCode Sync="TRUE">1</exTypeCode></nativeExtBox></itemProps><RasterProperties><General><PixelDepth Sync="TRUE">32</PixelDepth><HasColormap Sync="TRUE">FALSE</HasColormap><CompressionType Sync="TRUE">None</CompressionType><NumBands Sync="TRUE">1</NumBands><Format Sync="TRUE">TIFF</Format><HasPyramids Sync="TRUE">TRUE</HasPyramids><SourceType Sync="TRUE">continuous</SourceType><PixelType Sync="TRUE">floating point</PixelType><NoDataValue Sync="TRUE">-3.4028235e+038</NoDataValue></General></RasterProperties><lineage><Process ToolSource="C:\Program Files\ArcGIS\Desktop10.0\ArcToolbox\Toolboxes\Data Management Tools.tbx\CopyRaster" Date="20120814" Time="182352">CopyRaster "C:\Users\CDuku\Desktop\To Jorrel\November - February Cropping Season\abcs50 dec-mar\tmean03_010" "C:\Users\CDuku\Desktop\To Jorrel\November - February Cropping Season\tif\abcs50 dec-mar\tmean03_010.tif" # # # NONE NONE #</Process></lineage></DataProperties><SyncDate>20120814</SyncDate><SyncTime>18235200</SyncTime><ModDate>20120814</ModDate><ModTime>18235200</ModTime></Esri><dataIdInfo><envirDesc Sync="TRUE">Microsoft Windows Server 2008 R2 Version 6.1 (Build 7601) Service Pack 1; ESRI ArcGIS 10.0.0.2414</envirDesc><dataLang><languageCode value="eng" country="USA"></languageCode></dataLang><idCitation><resTitle Sync="TRUE">tmean03_010.tif</resTitle><presForm><PresFormCd value="005"></PresFormCd></presForm></idCitation><descKeys><thesaName uuidref="723f6998-058e-11dc-8314-0800200c9a66"></thesaName><keyword Sync="TRUE">002</keyword></descKeys><spatRpType><SpatRepTypCd value="002"></SpatRepTypCd></spatRpType></dataIdInfo><mdLang><languageCode value="eng"></languageCode></mdLang><mdChar><CharSetCd value="004"></CharSetCd></mdChar><distInfo><distFormat><formatName Sync="TRUE">Raster Dataset</formatName></distFormat></distInfo><mdHrLv><ScopeCd value="005"></ScopeCd></mdHrLv><mdHrLvName Sync="TRUE">dataset</mdHrLvName><spatRepInfo><Georect><cellGeo><CellGeoCd Sync="TRUE" value="002"></CellGeoCd></cellGeo><numDims Sync="TRUE">2</numDims><tranParaAv Sync="TRUE">1</tranParaAv><chkPtAv Sync="TRUE">0</chkPtAv><cornerPts><pos Sync="TRUE">28.200000 -11.700000</pos></cornerPts><cornerPts><pos Sync="TRUE">28.200000 4.216603</pos></cornerPts><cornerPts><pos Sync="TRUE">41.283281 4.216603</pos></cornerPts><cornerPts><pos Sync="TRUE">41.283281 -11.700000</pos></cornerPts><centerPt><pos Sync="TRUE">34.741641 -3.741698</pos></centerPt><axisDimension type="002"><dimSize Sync="TRUE">157</dimSize><dimResol><value Sync="TRUE">0.083333</value></dimResol></axisDimension><axisDimension type="001"><dimSize Sync="TRUE">191</dimSize><dimResol><value Sync="TRUE">0.083333</value></dimResol></axisDimension><ptInPixel><PixOrientCd Sync="TRUE" value="001"></PixOrientCd></ptInPixel></Georect></spatRepInfo><contInfo><ImgDesc><contentTyp><ContentTypCd Sync="TRUE" value="001"></ContentTypCd></contentTyp><covDim><Band><dimDescrp Sync="TRUE">Band_1</dimDescrp><bitsPerVal Sync="TRUE">32</bitsPerVal></Band></covDim></ImgDesc></contInfo><mdDateSt Sync="TRUE">20120814</mdDateSt></metadata>
